start,end,source_ip
2022-01-01 14:32:00,2022-01-01 14:32:31,155.82.30.97
2022-01-01 16:41:00,2022-01-01 16:47:02,79.82.174.35
2022-01-03 03:05:00,2022-01-03 03:09:01,125.164.225.184
2022-01-03 07:38:00,2022-01-03 07:39:19,196.213.250.189
2022-01-03 13:21:00,2022-01-03 13:22:08,161.149.245.219
2022-01-03 18:49:00,2022-01-03 18:55:01,232.62.33.20
2022-01-03 23:08:00,2022-01-03 23:12:59,172.232.16.243
2022-01-04 19:48:00,2022-01-04 19:55:10,89.216.209.227
2022-01-04 21:58:00,2022-01-04 21:59:19,232.244.65.85
2022-01-05 19:02:00,2022-01-05 19:04:35,55.207.153.10
2022-01-05 22:19:00,2022-01-05 22:23:00,142.31.174.207
2022-01-06 08:40:00,2022-01-06 08:41:13,19.198.80.76
2022-01-07 16:07:00,2022-01-07 16:07:27,165.57.114.127
2022-01-10 07:55:00,2022-01-10 07:55:19,182.161.12.168
2022-01-10 12:33:00,2022-01-10 12:36:55,212.77.248.62
2022-01-10 15:14:00,2022-01-10 15:18:27,98.230.130.147
2022-01-12 01:02:00,2022-01-12 01:02:06,145.200.55.63
2022-01-12 05:09:00,2022-01-12 05:12:20,17.185.213.195
2022-01-12 10:52:00,2022-01-12 10:56:45,194.202.183.92
2022-01-13 02:20:00,2022-01-13 02:27:07,67.38.158.248
2022-01-13 06:48:00,2022-01-13 06:52:30,120.65.247.44
2022-01-13 16:24:00,2022-01-13 16:28:01,107.234.223.140
2022-01-13 17:26:00,2022-01-13 17:32:28,189.232.130.1
2022-01-13 20:05:00,2022-01-13 20:12:13,19.252.122.65
2022-01-14 12:21:00,2022-01-14 12:24:47,106.105.213.68
2022-01-14 15:33:00,2022-01-14 15:38:34,58.223.218.141
2022-01-14 19:56:00,2022-01-14 19:56:11,13.236.12.182
2022-01-14 21:49:00,2022-01-14 21:51:25,21.28.13.24
2022-01-15 01:01:00,2022-01-15 01:07:02,109.59.67.69
2022-01-15 04:17:00,2022-01-15 04:20:26,114.177.47.128
2022-01-16 06:54:00,2022-01-16 06:57:39,241.254.230.229
2022-01-17 03:08:00,2022-01-17 03:13:22,48.52.249.115
2022-01-17 07:21:00,2022-01-17 07:25:58,54.14.215.33
2022-01-17 21:08:00,2022-01-17 21:15:17,70.167.186.223
2022-01-18 10:15:00,2022-01-18 10:20:57,199.237.85.65
2022-01-18 12:01:00,2022-01-18 12:03:33,216.134.223.151
2022-01-19 20:29:00,2022-01-19 20:34:09,124.222.243.152
2022-01-19 21:38:00,2022-01-19 21:40:44,229.31.38.189
2022-01-20 09:58:00,2022-01-20 10:04:38,128.165.30.52
2022-01-20 11:11:00,2022-01-20 11:11:44,182.178.212.9
2022-01-20 12:44:00,2022-01-20 12:51:02,180.223.48.93
2022-01-20 19:05:00,2022-01-20 19:09:27,180.34.93.212
2022-01-21 02:11:00,2022-01-21 02:13:59,32.217.97.26
2022-01-21 11:18:00,2022-01-21 11:23:53,123.90.208.0
2022-01-21 18:44:00,2022-01-21 18:47:17,24.171.229.242
2022-01-22 08:01:00,2022-01-22 08:08:09,182.157.212.212
2022-01-22 17:14:00,2022-01-22 17:14:36,146.172.194.106
2022-01-23 00:25:00,2022-01-23 00:26:59,187.216.243.238
2022-01-23 06:47:00,2022-01-23 06:54:10,136.73.0.233
2022-01-23 14:29:00,2022-01-23 14:33:48,145.165.235.140
2022-01-24 08:56:00,2022-01-24 08:57:38,132.226.98.5
2022-01-24 15:30:00,2022-01-24 15:31:07,30.205.208.218
2022-01-24 22:40:00,2022-01-24 22:47:09,167.181.14.101
2022-01-25 00:48:00,2022-01-25 00:53:15,187.0.50.7
2022-01-25 02:32:00,2022-01-25 02:32:41,196.125.5.170
2022-01-25 04:51:00,2022-01-25 04:55:33,18.252.54.62
2022-01-26 06:18:00,2022-01-26 06:22:56,206.234.174.56
2022-01-26 08:22:00,2022-01-26 08:24:29,115.13.221.188
2022-01-26 10:26:00,2022-01-26 10:27:58,19.198.107.18
2022-01-27 01:42:00,2022-01-27 01:42:56,191.116.56.237
2022-01-27 02:55:00,2022-01-27 02:58:01,221.180.45.255
2022-01-27 05:27:00,2022-01-27 05:32:29,18.52.81.246
2022-01-27 14:03:00,2022-01-27 14:05:04,25.234.20.230
2022-01-28 03:23:00,2022-01-28 03:29:58,184.132.124.235
2022-01-28 05:26:00,2022-01-28 05:32:36,225.190.210.101
2022-01-28 06:30:00,2022-01-28 06:30:28,32.101.213.134
2022-01-28 14:37:00,2022-01-28 14:44:12,194.195.154.137
2022-01-28 16:53:00,2022-01-28 16:56:40,117.116.246.204
2022-01-28 19:33:00,2022-01-28 19:37:40,27.90.33.75
2022-01-28 20:02:00,2022-01-28 20:09:11,122.163.243.73
2022-01-28 21:48:00,2022-01-28 21:54:05,54.119.167.235
2022-01-29 02:11:00,2022-01-29 02:18:03,47.186.108.217
2022-01-29 03:17:00,2022-01-29 03:21:43,40.87.228.54
2022-01-29 06:33:00,2022-01-29 06:35:53,203.64.87.89
2022-01-29 13:33:00,2022-01-29 13:34:37,46.7.184.135
2022-01-30 04:48:00,2022-01-30 04:54:55,213.93.16.58
